A Casaluna;6, rue de Beaujolais 75001;01.42.60.05.11
A Garonne;60, rue Saint.Lazare 75009;01.48.74.35.61
A l'Affiche;48, rue de Moscou 75008;01.45.22.02.20
A l'Auberge du PŠre Louis;7, rue de la Boule Rouge 75009;01.45.23.16.34
A l'Etoile d'Or;12, rue de Montenotte 75017;01.43.80.44.62
A L'improviste;21, rue M‚d‚ric 75017;01.42.27.86.67
A la Banane Ivoirienneÿ;10, rue de la Forge Royale 75011;01.43.70.49.90
A La Biche au Boisÿ;45, avenue Ledru.Rollin 75012;01.43.43.34.38
A La Bonne Franquette;151, rue de la Roquette 75011;01.43.48.85.88
A La Bonne Table;42, rue Friant 75014;01.45.39.74.91
A la Cloche d'Or;3, rue Mansart 75009;01.48.74.48.88
Barak;29, rue Sambre et Meuse 75010;01.42.40.49.15
Baranimo;51, rue des Morillons 75015;01.48.28.15.55
Baretto di Edgar;14, rue d'Alexandrie 75002;09.67.40.40.23
Baroche;101, rue la Boˆtie 75008;01.43.59.69.57
Barracao;108, rue Oberkampf 75011;01.43.55.66.06
Barrio Latino;46, rue du Faubourg Saint.Antoine 75012;01.55.78.84.75
Bartolo;7, rue des Canettes 75006;01.43.26.27.08
Basile;34, rue de Grenelle 75007;01.42.22.59.46
Basilic & Spice;88, avenue de Choisy 75013;01.45.85.19.30
Basilicata;36, avenue Jean Moulin 75014;01.45.39.59.46
Bassanti;3, rue Larochelle 75014;01.40.47.05.00
Bastide Blanche;1, boulevard de Courcelles 75008;01.40.08.08.25
Bataclan Cafe;50, boulevard Voltaire 75011;01.49.23.96.33
Fabrick des D‚lices;58, boulevard de Magenta 75010;09.80.68.00.82
Faggio;72, rue de Rochechouart 75009;01.40.37.44.02
Fagus;183, rue de Lourmel 75015;09.52.95.23.89
Fajitas;15, rue Dauphine 75006;01.46.34.44.69
Fakra;317, rue du Faubourg Saint.Antoine 75011;01.40.24.20.65
Fame da Lupo;122, avenue De Villiers 75017;01.43.80.10.10
Fami.Lee;81, rue Amelot 75011;01.42.46.12.17
Fanfan;18, rue Bayen 75017;01.53.81.79.77
Farago;11, cour des Petites.Ecuries 75010;01.72.60.80.72
Farnesina;9, rue Boissy d'Anglas 75008;01.42.66.65.57
FastThai;31, rue Charles de Gaulle 94140;09.81.25.68.19
Faubourg;24, rue du Faubourg Saint.Denis 75010;01.53.34.62.20
Fauchon Le Caf‚;30, place de la Madeleine 75008;01.70.39.38.39
Fauchon le Comptoir;30, place de la Madeleine 75008;01.70.39.38.39
Faust;Port des Invalides 75007;01.44.18.60.60
Favela Chic;18, rue du Faubourg du Temple 75011;01.40.21.38.14
Felicity Lemon;4, rue Lemon 75020;01.71.32.71.77
Ma ChŠre & Tendre;81, boulevard Gouvion Saint.Cyr 75017;01.40.68.30.40
Ma Cocotte;106, rue des Rosiers 93400;01.49.51.70.00
Ma grand mere m'a dit;1, rue Falguiere 75015;01.43.06.11.20
Ma Salle … Manger;26, place Dauphine 75001;01.43.29.52.34
Macaille;29, quai Gallieni 92150;01.41.44.77.80
Mac‚o;15, rue des Petits Champs 75001;01.42.97.53.85
Macis et Muscade du 15Šme;39, rue des Entrepreneurs 75015;01.53.95.03.98
Mad In Terroir;5, rue Lhomond 75005;01.43.26.32.83
